<?xml version="1.0" encoding="UTF-8"?>

<NBA_Ekipe>
    <Ekipa>
        <Naziv>Los Angeles Lakers</Naziv>
        <ImeTrenera>Darvin Ham</ImeTrenera>
        <NazivDvorane>Staples Center</NazivDvorane>
        <Lokacija>Los Angeles, California</Lokacija>
        <BrojOsvojenihNaslova>17</BrojOsvojenihNaslova>
        <NajpoznatijiIgraci>LeBron James, Anthony Davis, D'Angelo Russell, 	Austin Reaves, Dennis Schroder</NajpoznatijiIgraci>
    </Ekipa>
    <Ekipa>
        <Naziv>Golden State Warriors</Naziv>
        <ImeTrenera>Steve Kerr</ImeTrenera>
        <NazivDvorane>Chase Center</NazivDvorane>
        <Lokacija>San Francisco, California</Lokacija>
        <BrojOsvojenihNaslova>6</BrojOsvojenihNaslova>
        <NajpoznatijiIgraci>Stephen Curry, Klay Thompson, Draymond Green, Andrew Wiggins, Jordan Poole</NajpoznatijiIgraci>
    </Ekipa>
    <Ekipa>
        <Naziv>Chicago Bulls</Naziv>
        <ImeTrenera>Billy Donovan</ImeTrenera>
        <NazivDvorane>United Center</NazivDvorane>
        <Lokacija>Chicago, Illinois</Lokacija>
        <BrojOsvojenihNaslova>6</BrojOsvojenihNaslova>
        <NajpoznatijiIgraci>Zach LaVine, Nikola Vučević, DeMar DeRozan, Alex Caruso, Lonzo Ball</NajpoznatijiIgraci>
    </Ekipa>
    <Ekipa>
        <Naziv>Miami Heat</Naziv>
        <ImeTrenera>Erik Spoelstra</ImeTrenera>
        <NazivDvorane>American Airlines Arena</NazivDvorane>
        <Lokacija>Miami, Florida</Lokacija>
        <BrojOsvojenihNaslova>3</BrojOsvojenihNaslova>
        <NajpoznatijiIgraci>Jimmy Butler, Bam Adebayo, Kyle Lowry, Tyler Herro, Duncan Robinson</NajpoznatijiIgraci>
    </Ekipa>
    <Ekipa>
        <Naziv>Brooklyn Nets</Naziv>
        <ImeTrenera>Jacque Vaughn</ImeTrenera>
        <NazivDvorane>Barclays Center</NazivDvorane>
        <Lokacija>Brooklyn, New York</Lokacija>
        <BrojOsvojenihNaslova>0</BrojOsvojenihNaslova>
        <NajpoznatijiIgraci>Mikal Bridges, Ben Simmons, Cameron Johnson, Cam Thomas, Yuta Watanabe</NajpoznatijiIgraci>
    </Ekipa>
    <Ekipa>
    <Naziv>Denver Nuggets</Naziv>
    <ImeTrenera>Sean Payton</ImeTrenera>
    <NazivDvorane>Ball Arena</NazivDvorane>
    <Lokacija>Denver, Colorado</Lokacija>
    <BrojOsvojenihNaslova>0</BrojOsvojenihNaslova>
    <NajpoznatijiIgraci>Nikola Jokić, Jamal Murray, Michael Porter Jr., Aaron Gordon, Bruce Brown</NajpoznatijiIgraci>
    </Ekipa>
    <Ekipa>
        <Naziv>New York Knicks</Naziv>
        <ImeTrenera>Tom Thibodeau</ImeTrenera>
        <NazivDvorane>Madison Square Garden</NazivDvorane>
        <Lokacija>New York, New York</Lokacija>
        <BrojOsvojenihNaslova>2</BrojOsvojenihNaslova>
        <NajpoznatijiIgraci>Jalen Brunson, Julius Randle, RJ Barrett, Derrick Rose, Mitchell Robinson</NajpoznatijiIgraci>
    </Ekipa>
    <Ekipa>
        <Naziv>Milwaukee Bucks</Naziv>
        <ImeTrenera>Mike Budenholzer</ImeTrenera>
        <NazivDvorane>Fiserv Forum</NazivDvorane>
        <Lokacija>Milwaukee, Wisconsin</Lokacija>
        <BrojOsvojenihNaslova>3</BrojOsvojenihNaslova>
        <NajpoznatijiIgraci>Giannis Antetokounmpo, Khris Middleton, Jrue Holiday, Brook Lopez, Bobby Portis</NajpoznatijiIgraci>
    </Ekipa>
        <Ekipa>
        <Naziv>Boston Celtics</Naziv>
        <ImeTrenera>Joe Mazzulla</ImeTrenera>
        <NazivDvorane>TD Garden</NazivDvorane>
        <Lokacija>Boston, Massachusetts</Lokacija>
        <BrojOsvojenihNaslova>17</BrojOsvojenihNaslova>
        <NajpoznatijiIgraci>Jayson Tatum, Jaylen Brown, Marcus Smart, Al Horford, Robert Williams III</NajpoznatijiIgraci>
    </Ekipa>
    <Ekipa>
        <Naziv>Philadelphia 76ers</Naziv>
        <ImeTrenera>Nick Nurse</ImeTrenera>
        <NazivDvorane>Wells Fargo Center</NazivDvorane>
        <Lokacija>Philadelphia, Pennsylvania</Lokacija>
        <BrojOsvojenihNaslova>3</BrojOsvojenihNaslova>
        <NajpoznatijiIgraci>Joel Embiid, James Harden, Tobias Harris, Tyrese Maxey, Mac McClung</NajpoznatijiIgraci>
    </Ekipa>
    <Ekipa>
        <Naziv>Cleveland Cavaliers</Naziv>
        <ImeTrenera>Kevin Stefanski</ImeTrenera>
        <NazivDvorane>Rocket Mortgage FieldHouse</NazivDvorane>
        <Lokacija>Cleveland, Ohio</Lokacija>
        <BrojOsvojenihNaslova>1</BrojOsvojenihNaslova>
        <NajpoznatijiIgraci>Donovan Mitchell, Darius Garland, Kevin Evan Mobley, Jarrett Allen, Danny Green</NajpoznatijiIgraci>
    </Ekipa>
    <Ekipa>
        <Naziv>Atlanta Hawks</Naziv>
        <ImeTrenera>Quin Snyder</ImeTrenera>
        <NazivDvorane>State Farm Arena</NazivDvorane>
        <Lokacija>Atlanta, Georgia</Lokacija>
        <BrojOsvojenihNaslova>1</BrojOsvojenihNaslova>
        <NajpoznatijiIgraci>Trae Young, John Collins, Clint Capela, Dejounte Murray, De'Andre Hunter</NajpoznatijiIgraci>
    </Ekipa>
    <Ekipa>
    <Naziv>Toronto Raptors</Naziv>
    <ImeTrenera>Nick Nurse</ImeTrenera>
    <NazivDvorane>Scotiabank Arena</NazivDvorane>
    <Lokacija>Toronto, Ontario, Canada</Lokacija>
    <BrojOsvojenihNaslova>1</BrojOsvojenihNaslova>
    <NajpoznatijiIgraci>Pascal Siakam, Fred VanVleet, OG Anunoby, Norman Powell, Chris Boucher</NajpoznatijiIgraci>
    </Ekipa>
    <Ekipa>
        <Naziv>Indiana Pacers</Naziv>
        <ImeTrenera>Rick Carlisle</ImeTrenera>
        <NazivDvorane>Bankers Life Fieldhouse</NazivDvorane>
        <Lokacija>Indianapolis, Indiana</Lokacija>
        <BrojOsvojenihNaslova>0</BrojOsvojenihNaslova>
        <NajpoznatijiIgraci>Domantas Sabonis, Malcolm Brogdon, Caris LeVert, Myles Turner, TJ Warren</NajpoznatijiIgraci>
    </Ekipa>
    <Ekipa>
        <Naziv>Washington Wizards</Naziv>
        <ImeTrenera>Wes Unseld Jr.</ImeTrenera>
        <NazivDvorane>Capital One Arena</NazivDvorane>
        <Lokacija>Washington, D.C.</Lokacija>
        <BrojOsvojenihNaslova>1</BrojOsvojenihNaslova>
        <NajpoznatijiIgraci>Bradley Beal, Kristaps Porzingis, Kyle Kuzma, Deni Avdija, Daniel Gafford</NajpoznatijiIgraci>
    </Ekipa>
    <Ekipa>
        <Naziv>Orlando Magic</Naziv>
        <ImeTrenera>Jamahl Mosley</ImeTrenera>
        <NazivDvorane>Amway Center</NazivDvorane>
        <Lokacija>Orlando, Florida</Lokacija>
        <BrojOsvojenihNaslova>0</BrojOsvojenihNaslova>
        <NajpoznatijiIgraci>Jonathan Isaac, Markelle Fultz, Cole Anthony, Wendell Carter Jr., Paolo Banchero</NajpoznatijiIgraci>
    </Ekipa>
    <Ekipa>
    <Naziv>Charlotte Hornets</Naziv>
    <ImeTrenera>Steve Clifford</ImeTrenera>
    <NazivDvorane>Spectrum Center</NazivDvorane>
    <Lokacija>Charlotte, North Carolina</Lokacija>
    <BrojOsvojenihNaslova>0</BrojOsvojenihNaslova>
    <NajpoznatijiIgraci>Lamelo Ball, Terry Rozier, Kelly Oubre Jr., Gordon Hayward, PJ Washington</NajpoznatijiIgraci>
    </Ekipa>
    <Ekipa>
        <Naziv>Detroit Pistons</Naziv>
        <ImeTrenera>Dan Campbell</ImeTrenera>
        <NazivDvorane>Little Caesars Arena</NazivDvorane>
        <Lokacija>Detroit, Michigan</Lokacija>
        <BrojOsvojenihNaslova>3</BrojOsvojenihNaslova>
        <NajpoznatijiIgraci>Cade Cunningham, James Wiseman, Killian Hayes, Isaiah Stewart, Saddiq Bey</NajpoznatijiIgraci>
    </Ekipa>
    <Ekipa>
        <Naziv>Memphis Grizzlies</Naziv>
        <ImeTrenera>Taylor Jenkins</ImeTrenera>
        <NazivDvorane>FedExForum</NazivDvorane>
        <Lokacija>Memphis, Tennessee</Lokacija>
        <BrojOsvojenihNaslova>0</BrojOsvojenihNaslova>
        <NajpoznatijiIgraci>Ja Morant, Jaren Jackson Jr., Dillon Brooks, Brandon Clarke, Jonas Valančiūnas</NajpoznatijiIgraci>
    </Ekipa>
    <Ekipa>
        <Naziv>Sacramento Kings</Naziv>
        <ImeTrenera>Mike Brown</ImeTrenera>
        <NazivDvorane>Golden 1 Center</NazivDvorane>
        <Lokacija>Sacramento, California</Lokacija>
        <BrojOsvojenihNaslova>1</BrojOsvojenihNaslova>
        <NajpoznatijiIgraci>De'Aaron Fox, Domantas Sabonis, Buddy Hield, Harrison Barnes, Malik Monk</NajpoznatijiIgraci>
    </Ekipa>
    <Ekipa>
    <Naziv>Phoenix Suns</Naziv>
    <ImeTrenera>Monty Williams</ImeTrenera>
    <NazivDvorane>Footprint Center</NazivDvorane>
    <Lokacija>Phoenix, Arizona</Lokacija>
    <BrojOsvojenihNaslova>0</BrojOsvojenihNaslova>
    <NajpoznatijiIgraci>Devin Booker, Chris Paul, Deandre Ayton, Kevin Durant, Jae Crowder</NajpoznatijiIgraci>
    </Ekipa>
    <Ekipa>
        <Naziv>LA Clippers</Naziv>
        <ImeTrenera>Tyronn Lue</ImeTrenera>
        <NazivDvorane>Staples Center</NazivDvorane>
        <Lokacija>Los Angeles, California</Lokacija>
        <BrojOsvojenihNaslova>0</BrojOsvojenihNaslova>
        <NajpoznatijiIgraci>Kawhi Leonard, Paul George, Reggie Jackson, Marcus Morris Sr., Ivica Zubac</NajpoznatijiIgraci>
    </Ekipa>
    <Ekipa>
        <Naziv>Minnesota Timberwolves</Naziv>
        <ImeTrenera>Chris Finch</ImeTrenera>
        <NazivDvorane>Target Center</NazivDvorane>
        <Lokacija>Minneapolis, Minnesota</Lokacija>
        <BrojOsvojenihNaslova>0</BrojOsvojenihNaslova>
        <NajpoznatijiIgraci>Karl-Anthony Towns, Anthony Edwards, D'Angelo Russell, Malik Beasley, Jaden McDaniels</NajpoznatijiIgraci>
    </Ekipa>
    <Ekipa>
        <Naziv>New Orleans Pelicans</Naziv>
        <ImeTrenera>Willie Green</ImeTrenera>
        <NazivDvorane>Smoothie King Center</NazivDvorane>
        <Lokacija>New Orleans, Louisiana</Lokacija>
        <BrojOsvojenihNaslova>0</BrojOsvojenihNaslova>
        <NajpoznatijiIgraci>Zion Williamson, Brandon Ingram, Lonzo Ball, Steven Adams, Josh Hart</NajpoznatijiIgraci>
    </Ekipa>
    <Ekipa>
        <Naziv>Oklahoma City Thunder</Naziv>
        <ImeTrenera>Mark Daigneault</ImeTrenera>
        <NazivDvorane>Chesapeake Energy Arena</NazivDvorane>
        <Lokacija>Oklahoma City, Oklahoma</Lokacija>
        <BrojOsvojenihNaslova>1</BrojOsvojenihNaslova>
        <NajpoznatijiIgraci>Shai Gilgeous-Alexander, Lu Dort, Darius Bazley, Aleksej Pokuševski, Isaiah Roby</NajpoznatijiIgraci>
    </Ekipa>
    <Ekipa>
    <Naziv>Dallas Mavericks</Naziv>
    <ImeTrenera>Mike McCarthy</ImeTrenera>
    <NazivDvorane>American Airlines Center</NazivDvorane>
    <Lokacija>Dallas, Texas</Lokacija>
    <BrojOsvojenihNaslova>1</BrojOsvojenihNaslova>
    <NajpoznatijiIgraci>Luka Dončić, Kyrie Irving, Tim Hardaway Jr., Christian Wood, Dwight Powell</NajpoznatijiIgraci>
    </Ekipa>
    <Ekipa>
        <Naziv>Utah Jazz</Naziv>
        <ImeTrenera>Kyle Whittingham</ImeTrenera>
        <NazivDvorane>Vivint Arena</NazivDvorane>
        <Lokacija>Salt Lake City, Utah</Lokacija>
        <BrojOsvojenihNaslova>0</BrojOsvojenihNaslova>
        <NajpoznatijiIgraci>Lauri Markanen, Jordan Clarkson, Kelly Olynik, Kris Dunn, Collin Sexton</NajpoznatijiIgraci>
    </Ekipa>
    <Ekipa>
        <Naziv>Portland Trail Blazers</Naziv>
        <ImeTrenera>Chauncey Billups</ImeTrenera>
        <NazivDvorane>Moda Center</NazivDvorane>
        <Lokacija>Portland, Oregon</Lokacija>
        <BrojOsvojenihNaslova>1</BrojOsvojenihNaslova>
        <NajpoznatijiIgraci>Damian Lillard, Anferee Simnons, Jusuf Nurkić, Jeremi Grant, Cam Reddish</NajpoznatijiIgraci>
    </Ekipa>
    <Ekipa>
        <Naziv>Houston Rockets</Naziv>
        <ImeTrenera>Kelvin Sampson</ImeTrenera>
        <NazivDvorane>Toyota Center</NazivDvorane>
        <Lokacija>Houston, Texas</Lokacija>
        <BrojOsvojenihNaslova>2</BrojOsvojenihNaslova>
        <NajpoznatijiIgraci>Jalen Green, Kevin Porter Jr., Jabari Smith Jr., Tari Eason, John Wall</NajpoznatijiIgraci>
    </Ekipa>
    <Ekipa>
        <Naziv>San Antonio Spurs</Naziv>
        <ImeTrenera>Gregg Popovich</ImeTrenera>
        <NazivDvorane>AT-T Center</NazivDvorane>
        <Lokacija>San Antonio, Texas</Lokacija>
        <BrojOsvojenihNaslova>5</BrojOsvojenihNaslova>
        <NajpoznatijiIgraci>Devonte' Grahm, Devin Vessell, Jeremy Sochan, Keldon Johnson, Tre Jones</NajpoznatijiIgraci>
    </Ekipa>
</NBA_Ekipe>